,(Oxigen=1),(Oxigen=0),(Hydrogen=1),(Hydrogen=0),(ReacO=1|Oxigen=1),(ReacO=0|Oxigen=1),(ReacO=1|Oxigen=0),(ReacO=0|Oxigen=0),(ReacH=1|Hydrogen=1),(ReacH=0|Hydrogen=1),(ReacH=1|Hydrogen=0),(ReacH=0|Hydrogen=0),"(Sensor1=1|Oxigen=1, Hydrogen=1)","(Sensor1=0|Oxigen=1, Hydrogen=1)","(Sensor1=1|Oxigen=1, Hydrogen=0)","(Sensor1=0|Oxigen=1, Hydrogen=0)","(Sensor1=1|Oxigen=0, Hydrogen=1)","(Sensor1=0|Oxigen=0, Hydrogen=1)","(Sensor1=1|Oxigen=0, Hydrogen=0)","(Sensor1=0|Oxigen=0, Hydrogen=0)","(Explosion=1|Oxigen=1, Hydrogen=1)","(Explosion=0|Oxigen=1, Hydrogen=1)","(Explosion=1|Oxigen=1, Hydrogen=0)","(Explosion=0|Oxigen=1, Hydrogen=0)","(Explosion=1|Oxigen=0, Hydrogen=1)","(Explosion=0|Oxigen=0, Hydrogen=1)","(Explosion=1|Oxigen=0, Hydrogen=0)","(Explosion=0|Oxigen=0, Hydrogen=0)",(Sensor2=1|Oxigen=1),(Sensor2=0|Oxigen=1),(Sensor2=1|Oxigen=0),(Sensor2=0|Oxigen=0),"(C_Oxigen=1|Oxigen=1, Explosion=1, ReacO=1)","(C_Oxigen=0|Oxigen=1, Explosion=1, ReacO=1)","(C_Oxigen=1|Oxigen=1, Explosion=1, ReacO=0)","(C_Oxigen=0|Oxigen=1, Explosion=1, ReacO=0)","(C_Oxigen=1|Oxigen=1, Explosion=0, ReacO=1)","(C_Oxigen=0|Oxigen=1, Explosion=0, ReacO=1)","(C_Oxigen=1|Oxigen=1, Explosion=0, ReacO=0)","(C_Oxigen=0|Oxigen=1, Explosion=0, ReacO=0)","(C_Oxigen=1|Oxigen=0, Explosion=1, ReacO=1)","(C_Oxigen=0|Oxigen=0, Explosion=1, ReacO=1)","(C_Oxigen=1|Oxigen=0, Explosion=1, ReacO=0)","(C_Oxigen=0|Oxigen=0, Explosion=1, ReacO=0)","(C_Oxigen=1|Oxigen=0, Explosion=0, ReacO=1)","(C_Oxigen=0|Oxigen=0, Explosion=0, ReacO=1)","(C_Oxigen=1|Oxigen=0, Explosion=0, ReacO=0)","(C_Oxigen=0|Oxigen=0, Explosion=0, ReacO=0)","(C_Hydrogen=1|Hydrogen=1, ReacH=1, Explosion=1)","(C_Hydrogen=0|Hydrogen=1, ReacH=1, Explosion=1)","(C_Hydrogen=1|Hydrogen=1, ReacH=1, Explosion=0)","(C_Hydrogen=0|Hydrogen=1, ReacH=1, Explosion=0)","(C_Hydrogen=1|Hydrogen=1, ReacH=0, Explosion=1)","(C_Hydrogen=0|Hydrogen=1, ReacH=0, Explosion=1)","(C_Hydrogen=1|Hydrogen=1, ReacH=0, Explosion=0)","(C_Hydrogen=0|Hydrogen=1, ReacH=0, Explosion=0)","(C_Hydrogen=1|Hydrogen=0, ReacH=1, Explosion=1)","(C_Hydrogen=0|Hydrogen=0, ReacH=1, Explosion=1)","(C_Hydrogen=1|Hydrogen=0, ReacH=1, Explosion=0)","(C_Hydrogen=0|Hydrogen=0, ReacH=1, Explosion=0)","(C_Hydrogen=1|Hydrogen=0, ReacH=0, Explosion=1)","(C_Hydrogen=0|Hydrogen=0, ReacH=0, Explosion=1)","(C_Hydrogen=1|Hydrogen=0, ReacH=0, Explosion=0)","(C_Hydrogen=0|Hydrogen=0, ReacH=0, Explosion=0)",(C_ReacO=1|C_Oxigen=1),(C_ReacO=0|C_Oxigen=1),(C_ReacO=1|C_Oxigen=0),(C_ReacO=0|C_Oxigen=0),(C_ReacH=1|C_Hydrogen=1),(C_ReacH=0|C_Hydrogen=1),(C_ReacH=1|C_Hydrogen=0),(C_ReacH=0|C_Hydrogen=0),"(C_Sensor1=1|C_Oxigen=1, C_Hydrogen=1)","(C_Sensor1=0|C_Oxigen=1, C_Hydrogen=1)","(C_Sensor1=1|C_Oxigen=1, C_Hydrogen=0)","(C_Sensor1=0|C_Oxigen=1, C_Hydrogen=0)","(C_Sensor1=1|C_Oxigen=0, C_Hydrogen=1)","(C_Sensor1=0|C_Oxigen=0, C_Hydrogen=1)","(C_Sensor1=1|C_Oxigen=0, C_Hydrogen=0)","(C_Sensor1=0|C_Oxigen=0, C_Hydrogen=0)",(C_Sensor2=1|C_Oxigen=1),(C_Sensor2=0|C_Oxigen=1),(C_Sensor2=1|C_Oxigen=0),(C_Sensor2=0|C_Oxigen=0),"(C_Explosion=1|C_Oxigen=1, C_Hydrogen=1)","(C_Explosion=0|C_Oxigen=1, C_Hydrogen=1)","(C_Explosion=1|C_Oxigen=1, C_Hydrogen=0)","(C_Explosion=0|C_Oxigen=1, C_Hydrogen=0)","(C_Explosion=1|C_Oxigen=0, C_Hydrogen=1)","(C_Explosion=0|C_Oxigen=0, C_Hydrogen=1)","(C_Explosion=1|C_Oxigen=0, C_Hydrogen=0)","(C_Explosion=0|C_Oxigen=0, C_Hydrogen=0)","C_Explosion = 0 | C_Oxigen = 0, C_Hydrogen = 0","C_Explosion = 0 | C_Oxigen = 0, C_Hydrogen = 1","C_Explosion = 0 | C_Oxigen = 1, C_Hydrogen = 0","C_Explosion = 0 | C_Oxigen = 1, C_Hydrogen = 1","C_Explosion = 1 | C_Oxigen = 0, C_Hydrogen = 0","C_Explosion = 1 | C_Oxigen = 0, C_Hydrogen = 1","C_Explosion = 1 | C_Oxigen = 1, C_Hydrogen = 0","C_Explosion = 1 | C_Oxigen = 1, C_Hydrogen = 1","C_Hydrogen = 0 | Hydrogen = 0, ReacH = 0, Explosion = 0","C_Hydrogen = 0 | Hydrogen = 0, ReacH = 0, Explosion = 1","C_Hydrogen = 0 | Hydrogen = 0, ReacH = 1, Explosion = 0","C_Hydrogen = 0 | Hydrogen = 0, ReacH = 1, Explosion = 1","C_Hydrogen = 0 | Hydrogen = 1, ReacH = 0, Explosion = 0","C_Hydrogen = 0 | Hydrogen = 1, ReacH = 0, Explosion = 1","C_Hydrogen = 0 | Hydrogen = 1, ReacH = 1, Explosion = 0","C_Hydrogen = 0 | Hydrogen = 1, ReacH = 1, Explosion = 1","C_Hydrogen = 1 | Hydrogen = 0, ReacH = 0, Explosion = 0","C_Hydrogen = 1 | Hydrogen = 0, ReacH = 0, Explosion = 1","C_Hydrogen = 1 | Hydrogen = 0, ReacH = 1, Explosion = 0","C_Hydrogen = 1 | Hydrogen = 0, ReacH = 1, Explosion = 1","C_Hydrogen = 1 | Hydrogen = 1, ReacH = 0, Explosion = 0","C_Hydrogen = 1 | Hydrogen = 1, ReacH = 0, Explosion = 1","C_Hydrogen = 1 | Hydrogen = 1, ReacH = 1, Explosion = 0","C_Hydrogen = 1 | Hydrogen = 1, ReacH = 1, Explosion = 1",C_ReacH = 0 | C_Hydrogen = 0,C_ReacH = 0 | C_Hydrogen = 1,C_ReacH = 1 | C_Hydrogen = 0,C_ReacH = 1 | C_Hydrogen = 1,C_ReacO = 0 | C_Oxigen = 0,C_ReacO = 0 | C_Oxigen = 1,C_ReacO = 1 | C_Oxigen = 0,C_ReacO = 1 | C_Oxigen = 1,"C_Sensor1 = 0 | C_Oxigen = 0, C_Hydrogen = 0","C_Sensor1 = 0 | C_Oxigen = 0, C_Hydrogen = 1","C_Sensor1 = 0 | C_Oxigen = 1, C_Hydrogen = 0","C_Sensor1 = 0 | C_Oxigen = 1, C_Hydrogen = 1","C_Sensor1 = 1 | C_Oxigen = 0, C_Hydrogen = 0","C_Sensor1 = 1 | C_Oxigen = 0, C_Hydrogen = 1","C_Sensor1 = 1 | C_Oxigen = 1, C_Hydrogen = 0","C_Sensor1 = 1 | C_Oxigen = 1, C_Hydrogen = 1",C_Sensor2 = 0 | C_Oxigen = 0,C_Sensor2 = 0 | C_Oxigen = 1,C_Sensor2 = 1 | C_Oxigen = 0,C_Sensor2 = 1 | C_Oxigen = 1,Hydrogen = 0,Hydrogen = 1,ReacH = 0 | Hydrogen = 0,ReacH = 0 | Hydrogen = 1,ReacH = 1 | Hydrogen = 0,ReacH = 1 | Hydrogen = 1,"C_Oxigen = 0 | Oxigen = 0, Explosion = 0, ReacO = 0","C_Oxigen = 0 | Oxigen = 0, Explosion = 0, ReacO = 1","C_Oxigen = 0 | Oxigen = 0, Explosion = 1, ReacO = 0","C_Oxigen = 0 | Oxigen = 0, Explosion = 1, ReacO = 1","C_Oxigen = 0 | Oxigen = 1, Explosion = 0, ReacO = 0","C_Oxigen = 0 | Oxigen = 1, Explosion = 0, ReacO = 1","C_Oxigen = 0 | Oxigen = 1, Explosion = 1, ReacO = 0","C_Oxigen = 0 | Oxigen = 1, Explosion = 1, ReacO = 1","C_Oxigen = 1 | Oxigen = 0, Explosion = 0, ReacO = 0","C_Oxigen = 1 | Oxigen = 0, Explosion = 0, ReacO = 1","C_Oxigen = 1 | Oxigen = 0, Explosion = 1, ReacO = 0","C_Oxigen = 1 | Oxigen = 0, Explosion = 1, ReacO = 1","C_Oxigen = 1 | Oxigen = 1, Explosion = 0, ReacO = 0","C_Oxigen = 1 | Oxigen = 1, Explosion = 0, ReacO = 1","C_Oxigen = 1 | Oxigen = 1, Explosion = 1, ReacO = 0","C_Oxigen = 1 | Oxigen = 1, Explosion = 1, ReacO = 1","Explosion = 0 | Oxigen = 0, Hydrogen = 0","Explosion = 0 | Oxigen = 0, Hydrogen = 1","Explosion = 0 | Oxigen = 1, Hydrogen = 0","Explosion = 0 | Oxigen = 1, Hydrogen = 1","Explosion = 1 | Oxigen = 0, Hydrogen = 0","Explosion = 1 | Oxigen = 0, Hydrogen = 1","Explosion = 1 | Oxigen = 1, Hydrogen = 0","Explosion = 1 | Oxigen = 1, Hydrogen = 1",Oxigen = 0,Oxigen = 1,ReacO = 0 | Oxigen = 0,ReacO = 0 | Oxigen = 1,ReacO = 1 | Oxigen = 0,ReacO = 1 | Oxigen = 1,"Sensor1 = 0 | Oxigen = 0, Hydrogen = 0","Sensor1 = 0 | Oxigen = 0, Hydrogen = 1","Sensor1 = 0 | Oxigen = 1, Hydrogen = 0","Sensor1 = 0 | Oxigen = 1, Hydrogen = 1","Sensor1 = 1 | Oxigen = 0, Hydrogen = 0","Sensor1 = 1 | Oxigen = 0, Hydrogen = 1","Sensor1 = 1 | Oxigen = 1, Hydrogen = 0","Sensor1 = 1 | Oxigen = 1, Hydrogen = 1",Sensor2 = 0 | Oxigen = 0,Sensor2 = 0 | Oxigen = 1,Sensor2 = 1 | Oxigen = 0,Sensor2 = 1 | Oxigen = 1
(Oxigen=1|Oxigen=1),0.0,0.0,0.0,0.0,0.0,0.0,0.0,0.0,0.0,0.0,0.0,0.0,0.0,0.0,0.0,0.0,0.0,0.0,0.0,0.0,0.0,0.0,0.0,0.0,0.0,0.0,0.0,0.0,0.0,0.0,0.0,0.0,0.0,0.0,0.0,0.0,0.0,0.0,0.0,0.0,0.0,0.0,0.0,0.0,0.0,0.0,0.0,0.0,0.0,0.0,0.0,0.0,0.0,0.0,0.0,0.0,0.0,0.0,0.0,0.0,0.0,0.0,0.0,0.0,0.0,0.0,0.0,0.0,0.0,0.0,0.0,0.0,0.0,0.0,0.0,0.0,0.0,0.0,0.0,0.0,0.0,0.0,0.0,0.0,0.0,0.0,0.0,0.0,0.0,0.0,0.0,0.0,0.0,0.0,0.0,0.0,0.0,0.0,0.0,0.0,0.0,0.0,0.0,0.0,0.0,0.0,0.0,0.0,0.0,0.0,0.0,0.0,0.0,0.0,0.0,0.0,0.0,0.0,0.0,0.0,0.0,0.0,0.0,0.0,0.0,0.0,0.0,0.0,0.0,0.0,0.0,0.0,0.0,0.0,0.0,0.0,0.0,0.0,0.0,0.0,0.0,0.0,0.0,0.0,0.0,0.0,0.0,0.0,0.0,0.0,0.0,0.0,0.0,0.0,0.0,0.0,0.0,0.0,0.0,0.0,0.0,0.0,0.0,0.0,0.0,0.0,0.0,0.0,0.0,0.0,0.0,0.0,0.0,0.0,0.0,0.0,0.0,0.0,0.0,0.0,0.0,0.0,0.0,0.0
(Oxigen=0|Oxigen=1),0.0,0.0,0.0,0.0,0.0,0.0,0.0,0.0,0.0,0.0,0.0,0.0,0.0,0.0,0.0,0.0,0.0,0.0,0.0,0.0,0.0,0.0,0.0,0.0,0.0,0.0,0.0,0.0,0.0,0.0,0.0,0.0,0.0,0.0,0.0,0.0,0.0,0.0,0.0,0.0,0.0,0.0,0.0,0.0,0.0,0.0,0.0,0.0,0.0,0.0,0.0,0.0,0.0,0.0,0.0,0.0,0.0,0.0,0.0,0.0,0.0,0.0,0.0,0.0,0.0,0.0,0.0,0.0,0.0,0.0,0.0,0.0,0.0,0.0,0.0,0.0,0.0,0.0,0.0,0.0,0.0,0.0,0.0,0.0,0.0,0.0,0.0,0.0,0.0,0.0,0.0,0.0,0.0,0.0,0.0,0.0,0.0,0.0,0.0,0.0,0.0,0.0,0.0,0.0,0.0,0.0,0.0,0.0,0.0,0.0,0.0,0.0,0.0,0.0,0.0,0.0,0.0,0.0,0.0,0.0,0.0,0.0,0.0,0.0,0.0,0.0,0.0,0.0,0.0,0.0,0.0,0.0,0.0,0.0,0.0,0.0,0.0,0.0,0.0,0.0,0.0,0.0,0.0,0.0,0.0,0.0,0.0,0.0,0.0,0.0,0.0,0.0,0.0,0.0,0.0,0.0,0.0,0.0,0.0,0.0,0.0,0.0,0.0,0.0,0.0,0.0,0.0,0.0,0.0,0.0,0.0,0.0,0.0,0.0,0.0,0.0,0.0,0.0,0.0,0.0,0.0,0.0,0.0,0.0
(Hydrogen=1|Oxigen=1),0.0,0.0,0.0,0.0,0.0,0.0,0.0,0.0,0.0,0.0,0.0,0.0,0.0,0.0,0.0,0.0,0.0,0.0,0.0,0.0,0.0,0.0,0.0,0.0,0.0,0.0,0.0,0.0,0.0,0.0,0.0,0.0,0.0,0.0,0.0,0.0,0.0,0.0,0.0,0.0,0.0,0.0,0.0,0.0,0.0,0.0,0.0,0.0,0.0,0.0,0.0,0.0,0.0,0.0,0.0,0.0,0.0,0.0,0.0,0.0,0.0,0.0,0.0,0.0,0.0,0.0,0.0,0.0,0.0,0.0,0.0,0.0,0.0,0.0,0.0,0.0,0.0,0.0,0.0,0.0,0.0,0.0,0.0,0.0,0.0,0.0,0.0,0.0,0.0,0.0,0.0,0.0,0.0,0.0,0.0,0.0,0.0,0.0,0.0,0.0,2.7755573311916137e-08,0.0,0.0,0.0,3.4694466674589645e-09,2.7755573339671716e-08,4.336808689942018e-19,3.4694466674589645e-09,2.7755575615628914e-17,0.0,0.0,0.0,3.469446951953614e-18,2.7755575615628914e-17,4.336808689942018e-19,3.469446951953614e-18,0.0,0.0,0.0,0.0,0.0,0.0,0.0,0.0,0.0,0.0,0.0,0.0,0.0,0.0,0.0,0.0,0.0,0.0,0.0,0.0,1.0,1.0,2.7755573311916137e-08,0.0,2.7755575615628914e-17,0.0,0.0,0.0,0.0,0.0,2.0816680004753785e-08,3.4694466665916024e-09,2.7755573339671716e-08,3.4694466674589645e-09,0.0,0.0,0.0,0.0,2.0816681711721685e-17,2.6020852139652106e-18,2.7755575615628914e-17,3.469446951953614e-18,0.0,0.0,2.7755573311916137e-08,0.0,0.0,0.0,2.7755575615628914e-17,0.0,0.0,0.0,0.0,0.0,0.0,0.0,0.0,0.0,0.0,0.0,0.0,0.0,0.0,0.0,0.0,0.0,0.0,0.0
(Hydrogen=0|Oxigen=1),0.0,0.0,0.0,0.0,0.0,0.0,0.0,0.0,0.0,0.0,0.0,0.0,0.0,0.0,0.0,0.0,0.0,0.0,0.0,0.0,0.0,0.0,0.0,0.0,0.0,0.0,0.0,0.0,0.0,0.0,0.0,0.0,0.0,0.0,0.0,0.0,0.0,0.0,0.0,0.0,0.0,0.0,0.0,0.0,0.0,0.0,0.0,0.0,0.0,0.0,0.0,0.0,0.0,0.0,0.0,0.0,0.0,0.0,0.0,0.0,0.0,0.0,0.0,0.0,0.0,0.0,0.0,0.0,0.0,0.0,0.0,0.0,0.0,0.0,0.0,0.0,0.0,0.0,0.0,0.0,0.0,0.0,0.0,0.0,0.0,0.0,0.0,0.0,0.0,0.0,0.0,0.0,0.0,0.0,0.0,0.0,0.0,0.0,0.0,0.0,2.7755573311916134e-08,0.0,0.0,0.0,3.469446667458964e-09,2.7755573339671713e-08,4.336808689942018e-19,3.469446667458964e-09,2.7755575615628914e-17,0.0,0.0,0.0,3.469446951953614e-18,2.7755575615628914e-17,4.336808689942018e-19,3.469446951953614e-18,0.0,0.0,0.0,0.0,0.0,0.0,0.0,0.0,0.0,0.0,0.0,0.0,0.0,0.0,0.0,0.0,0.0,0.0,0.0,0.0,1.0,1.0,2.7755573311916134e-08,0.0,2.7755575615628914e-17,0.0,0.0,0.0,0.0,0.0,2.7755573284160562e-08,3.4694466674589645e-09,2.7755573339671713e-08,3.469446667458964e-09,0.0,0.0,0.0,0.0,2.7755575615628914e-17,3.469446951953614e-18,2.7755575615628914e-17,3.469446951953614e-18,0.0,0.0,2.7755573311916134e-08,0.0,0.0,0.0,2.7755575615628914e-17,0.0,0.0,0.0,0.0,0.0,0.0,0.0,0.0,0.0,0.0,0.0,0.0,0.0,0.0,0.0,0.0,0.0,0.0,0.0
(ReacO=1|Oxigen=1),0.0,0.0,0.0,0.0,0.0,0.0,0.0,0.0,0.0,0.0,0.0,0.0,0.0,0.0,0.0,0.0,0.0,0.0,0.0,0.0,0.0,0.0,0.0,0.0,0.0,0.0,0.0,0.0,0.0,0.0,0.0,0.0,0.0,0.0,0.0,0.0,0.0,0.0,0.0,0.0,0.0,0.0,0.0,0.0,0.0,0.0,0.0,0.0,0.0,0.0,0.0,0.0,0.0,0.0,0.0,0.0,0.0,0.0,0.0,0.0,0.0,0.0,0.0,0.0,0.0,0.0,0.0,0.0,0.0,0.0,0.0,0.0,0.0,0.0,0.0,0.0,0.0,0.0,0.0,0.0,0.0,0.0,0.0,0.0,0.0,0.0,0.0,0.0,0.0,0.0,0.0,0.0,2.7755573450694012e-09,0.0,0.0,0.0,2.7755575615628907e-18,0.0,0.0,0.0,1.3877786725346998e-09,0.0,0.0,0.0,5.204169989045383e-10,1.3877786586569128e-09,4.336808334323705e-11,5.204169997718999e-10,1.3877787807814454e-18,0.0,0.0,0.0,6.938893903907229e-19,1.3877787807814454e-18,8.673617379884036e-20,6.938893903907229e-19,2.7755573450694012e-09,0.0,2.7755575615628907e-18,0.0,2.7755573450694012e-09,0.0,2.7755575615628907e-18,0.0,1.3877787807814457e-17,0.0,0.0,0.0,2.7755575615628914e-17,0.0,0.0,0.0,2.7755575615628914e-17,0.0,1.3877787807814457e-17,0.0,0.0,0.0,1.3877786725346998e-09,1.3877787807814457e-17,1.3877787807814454e-18,0.0,0.0,0.0,0.0,0.0,5.551114667934343e-09,6.245004001426136e-09,5.551114667934343e-09,6.245004001426136e-09,0.0,0.0,0.0,0.0,5.551115123125783e-18,6.245004513516506e-18,5.551115123125783e-18,6.245004513516506e-18,0.0,0.0,1.3877786725346998e-09,0.0,0.0,0.0,1.3877787807814454e-18,1.3877787807814457e-17,0.0,0.0,0.0,0.9999999999999996,0.0,1.0,0.0,0.0,1.3877787807814457e-17,6.938893903907228e-18,0.0,0.0,6.938893903907228e-18,1.3877787807814457e-17,0.0,1.3877787807814457e-17,0.0,2.7755575615628914e-17
(ReacO=0|Oxigen=1),0.0,0.0,0.0,0.0,0.0,0.0,0.0,0.0,0.0,0.0,0.0,0.0,0.0,0.0,0.0,0.0,0.0,0.0,0.0,0.0,0.0,0.0,0.0,0.0,0.0,0.0,0.0,0.0,0.0,0.0,0.0,0.0,0.0,0.0,0.0,0.0,0.0,0.0,0.0,0.0,0.0,0.0,0.0,0.0,0.0,0.0,0.0,0.0,0.0,0.0,0.0,0.0,0.0,0.0,0.0,0.0,0.0,0.0,0.0,0.0,0.0,0.0,0.0,0.0,0.0,0.0,0.0,0.0,0.0,0.0,0.0,0.0,0.0,0.0,0.0,0.0,0.0,0.0,0.0,0.0,0.0,0.0,0.0,0.0,0.0,0.0,0.0,0.0,0.0,0.0,0.0,0.0,1.1102229324766447e-08,0.0,0.0,0.0,1.110223024625155e-17,0.0,0.0,0.0,5.551114662383217e-09,0.0,0.0,0.0,2.081667992148707e-09,5.5511146346276545e-09,1.7347233293926733e-10,2.081667992148707e-09,5.551115123125775e-18,0.0,0.0,0.0,6.938893903907219e-19,5.551115123125775e-18,7.806255641895633e-19,6.938893903907219e-19,1.1102229324766447e-08,0.0,1.110223024625155e-17,0.0,1.1102229435788736e-08,0.0,1.110223024625155e-17,0.0,0.0,0.0,0.0,0.0,1.1102230246251565e-16,0.0,0.0,0.0,2.220446049250313e-16,0.0,1.1102230246251565e-16,0.0,0.0,0.0,5.551114662383217e-09,5.551115123125783e-17,5.551115123125775e-18,0.0,0.0,0.0,0.0,0.0,5.551114667934333e-09,6.245004001426137e-09,5.551114667934333e-09,6.245004001426137e-09,0.0,0.0,0.0,0.0,5.551115123125775e-18,6.2450045135165065e-18,5.551115123125775e-18,6.2450045135165065e-18,0.0,0.0,5.551114662383217e-09,0.0,0.0,0.0,5.551115123125775e-18,5.551115123125783e-17,0.0,0.0,0.0,1.0,0.0,1.0,0.0,0.0,5.551115123125783e-17,0.0,0.0,0.0,0.0,5.551115123125783e-17,0.0,1.1102230246251565e-16,0.0,2.220446049250313e-16
(ReacH=1|Oxigen=1),0.0,0.0,0.0,0.0,0.0,0.0,0.0,0.0,0.0,0.0,0.0,0.0,0.0,0.0,0.0,0.0,0.0,0.0,0.0,0.0,0.0,0.0,0.0,0.0,0.0,0.0,0.0,0.0,0.0,0.0,0.0,0.0,0.0,0.0,0.0,0.0,0.0,0.0,0.0,0.0,0.0,0.0,0.0,0.0,0.0,0.0,0.0,0.0,0.0,0.0,0.0,0.0,0.0,0.0,0.0,0.0,0.0,0.0,0.0,0.0,0.0,0.0,0.0,0.0,0.0,0.0,0.0,0.0,0.0,0.0,0.0,0.0,0.0,0.0,0.0,0.0,0.0,0.0,0.0,0.0,0.0,0.0,0.0,0.0,0.0,0.0,0.0,0.0,0.0,0.0,0.0,0.0,1.3877786725347006e-09,0.0,0.0,0.0,1.3877787807814454e-18,0.0,0.0,0.0,2.775557331191614e-09,0.0,0.0,0.0,3.4694466674589645e-10,2.7755573339671716e-09,8.239936510889833e-19,6.591948668172032e-09,2.7755575615628915e-18,0.0,0.0,0.0,3.4694469519536144e-19,2.7755575615628915e-18,8.239936510889833e-19,6.591949208711867e-18,1.3877786725347006e-09,0.0,1.3877787807814454e-18,0.0,1.3877786725347006e-09,0.0,1.3877787807814454e-18,0.0,6.938893903907228e-18,0.0,0.0,0.0,1.3877787807814457e-17,0.0,0.0,0.0,1.3877787807814457e-17,0.0,6.938893903907228e-18,0.0,0.1,0.1,0.4999999614053752,0.4999999999999998,0.5,0.5,0.0,0.0,0.0,0.0,2.602084999379917e-09,3.0357658331592323e-10,1.387778675310258e-09,1.7347233302600353e-10,0.0,0.0,0.0,0.0,2.7755575615628915e-18,3.4694469519536144e-19,4.163336342344337e-18,3.4694469519536144e-19,0.0,0.0,2.775557331191614e-09,0.0,0.0,0.0,2.7755575615628915e-18,1.3877787807814457e-17,0.0,0.0,0.0,1.3877787807814457e-17,0.0,0.0,0.0,0.0,0.0,6.938893903907228e-18,0.0,0.0,0.0,1.3877787807814457e-17,0.0,6.938893903907228e-18,0.0,1.3877787807814457e-17
(ReacH=0|Oxigen=1),0.0,0.0,0.0,0.0,0.0,0.0,0.0,0.0,0.0,0.0,0.0,0.0,0.0,0.0,0.0,0.0,0.0,0.0,0.0,0.0,0.0,0.0,0.0,0.0,0.0,0.0,0.0,0.0,0.0,0.0,0.0,0.0,0.0,0.0,0.0,0.0,0.0,0.0,0.0,0.0,0.0,0.0,0.0,0.0,0.0,0.0,0.0,0.0,0.0,0.0,0.0,0.0,0.0,0.0,0.0,0.0,0.0,0.0,0.0,0.0,0.0,0.0,0.0,0.0,0.0,0.0,0.0,0.0,0.0,0.0,0.0,0.0,0.0,0.0,0.0,0.0,0.0,0.0,0.0,0.0,0.0,0.0,0.0,0.0,0.0,0.0,0.0,0.0,0.0,0.0,0.0,0.0,5.551114662383217e-09,0.0,0.0,0.0,5.551115123125775e-18,0.0,0.0,0.0,2.7755573311916084e-09,0.0,0.0,0.0,3.4694466674589625e-10,2.7755573339671766e-09,8.239936510889834e-19,6.591948668172032e-09,2.7755575615628877e-18,0.0,0.0,0.0,3.4694469519536096e-19,2.7755575615628877e-18,8.239936510889834e-19,6.5919492087118674e-18,5.551114662383217e-09,0.0,5.551115123125775e-18,0.0,5.551114773405519e-09,0.0,5.551115123125775e-18,0.0,0.0,0.0,0.0,0.0,0.0,0.0,0.0,0.0,1.1102230246251565e-16,0.0,0.0,0.0,0.10000000000000009,0.09999999999999987,0.4999999472644107,0.5,0.5,0.5,0.0,0.0,0.0,0.0,1.3877786692040316e-08,3.816391328653746e-09,8.326671968594824e-09,2.4286126588946024e-09,0.0,0.0,0.0,0.0,2.7755575615628877e-18,6.5919492087118674e-18,2.7755575615628877e-18,3.4694469519536096e-19,0.0,0.0,2.7755573311916084e-09,0.0,0.0,0.0,2.7755575615628877e-18,5.551115123125783e-17,0.0,0.0,0.0,1.1102230246251565e-16,0.0,0.0,0.0,0.0,0.0,0.0,0.0,0.0,0.0,5.551115123125783e-17,0.0,0.0,0.0,1.1102230246251565e-16
(Sensor1=1|Oxigen=1),0.0,0.0,0.0,0.0,0.0,0.0,0.0,0.0,0.0,0.0,0.0,0.0,0.0,0.0,0.0,0.0,0.0,0.0,0.0,0.0,0.0,0.0,0.0,0.0,0.0,0.0,0.0,0.0,0.0,0.0,0.0,0.0,0.0,0.0,0.0,0.0,0.0,0.0,0.0,0.0,0.0,0.0,0.0,0.0,0.0,0.0,0.0,0.0,0.0,0.0,0.0,0.0,0.0,0.0,0.0,0.0,0.0,0.0,0.0,0.0,0.0,0.0,0.0,0.0,0.0,0.0,0.0,0.0,0.0,0.0,0.0,0.0,0.0,0.0,0.0,0.0,0.0,0.0,0.0,0.0,0.0,0.0,0.0,0.0,0.0,0.0,0.0,0.0,0.0,0.0,0.0,0.0,0.0,0.0,0.0,0.0,0.0,0.0,0.0,0.0,2.081667997699821e-08,0.0,0.0,0.0,6.938893418184655e-10,1.6653344037109722e-08,1.7347233328621203e-10,6.938893418184655e-10,2.0816681711721685e-17,0.0,0.0,0.0,3.469446951953614e-18,2.7755575615628914e-17,4.336808689942018e-19,3.469446951953614e-18,0.0,0.0,0.0,0.0,0.0,0.0,0.0,0.0,0.0,0.0,0.0,0.0,0.0,0.0,0.0,0.0,0.0,0.0,0.0,0.0,0.8,0.8,2.081667997699821e-08,5.551115123125783e-17,2.0816681711721685e-17,0.0,0.0,0.0,0.0,0.0,1.6653344009354143e-08,2.42861266687433e-09,1.6653344037109722e-08,6.938893418184655e-10,0.0,0.0,0.0,0.0,1.3877787807814457e-17,1.734723475976807e-18,2.7755575615628914e-17,3.469446951953614e-18,0.0,0.0,2.081667997699821e-08,0.0,0.0,0.0,2.0816681711721685e-17,5.551115123125783e-17,0.0,0.0,0.0,0.0,0.0,0.0,0.0,0.0,0.5000000000000001,0.5,0.0,0.0,0.5,0.5,0.0,0.0,0.0,0.0
(Sensor1=0|Oxigen=1),0.0,0.0,0.0,0.0,0.0,0.0,0.0,0.0,0.0,0.0,0.0,0.0,0.0,0.0,0.0,0.0,0.0,0.0,0.0,0.0,0.0,0.0,0.0,0.0,0.0,0.0,0.0,0.0,0.0,0.0,0.0,0.0,0.0,0.0,0.0,0.0,0.0,0.0,0.0,0.0,0.0,0.0,0.0,0.0,0.0,0.0,0.0,0.0,0.0,0.0,0.0,0.0,0.0,0.0,0.0,0.0,0.0,0.0,0.0,0.0,0.0,0.0,0.0,0.0,0.0,0.0,0.0,0.0,0.0,0.0,0.0,0.0,0.0,0.0,0.0,0.0,0.0,0.0,0.0,0.0,0.0,0.0,0.0,0.0,0.0,0.0,0.0,0.0,0.0,0.0,0.0,0.0,0.0,0.0,0.0,0.0,0.0,0.0,0.0,0.0,2.7755573311916134e-08,0.0,0.0,0.0,3.2959743328717095e-09,2.3592237330394283e-08,4.3368082996292356e-11,3.2959743337390712e-09,2.7755575615628914e-17,0.0,0.0,0.0,3.469446951953614e-18,2.0816681711721685e-17,4.336808689942018e-19,3.469446951953614e-18,0.0,0.0,0.0,0.0,0.0,0.0,0.0,0.0,0.0,0.0,0.0,0.0,0.0,0.0,0.0,0.0,0.0,0.0,0.0,0.0,0.8,0.8,2.7755573311916134e-08,1.3877787807814457e-17,2.7755575615628914e-17,0.0,0.0,0.0,0.0,0.0,1.6653343981598567e-08,6.938893348795716e-10,2.3592237330394283e-08,3.2959743337390712e-09,0.0,0.0,0.0,0.0,2.7755575615628914e-17,3.469446951953614e-18,2.0816681711721685e-17,3.469446951953614e-18,0.0,0.0,2.7755573311916134e-08,0.0,0.0,0.0,2.7755575615628914e-17,1.3877787807814457e-17,0.0,0.0,0.0,0.0,0.0,0.0,0.0,0.0,0.5,0.5,0.0,0.0,0.5,0.5000000000000001,0.0,0.0,0.0,0.0
(Explosion=1|Oxigen=1),0.0,0.0,0.0,0.0,0.0,0.0,0.0,0.0,0.0,0.0,0.0,0.0,0.0,0.0,0.0,0.0,0.0,0.0,0.0,0.0,0.0,0.0,0.0,0.0,0.0,0.0,0.0,0.0,0.0,0.0,0.0,0.0,0.0,0.0,0.0,0.0,0.0,0.0,0.0,0.0,0.0,0.0,0.0,0.0,0.0,0.0,0.0,0.0,0.0,0.0,0.0,0.0,0.0,0.0,0.0,0.0,0.0,0.0,0.0,0.0,0.0,0.0,0.0,0.0,0.0,0.0,0.0,0.0,0.0,0.0,0.0,0.0,0.0,0.0,0.0,0.0,0.0,0.0,0.0,0.0,0.0,0.0,0.0,0.0,0.0,0.0,0.0,0.0,0.0,0.0,0.0,0.0,5.5511146623832235e-09,0.0,0.0,0.0,5.5511151231257815e-18,0.0,0.0,0.0,2.4980015980724526e-08,0.0,0.0,0.0,3.122502000713068e-09,3.053113067363889e-08,3.903127820947816e-19,3.816391334204861e-09,2.4980018054066023e-17,0.0,0.0,0.0,3.122502256758253e-18,3.053113317719181e-17,3.903127820947816e-19,3.816391647148976e-18,5.5511146623832235e-09,0.0,5.5511151231257815e-18,0.0,5.5511146623832235e-09,0.0,5.5511151231257815e-18,0.0,0.0,0.0,0.0,0.0,5.551115123125783e-17,0.0,0.0,0.0,5.551115123125783e-17,0.0,0.0,0.0,0.9,0.9,2.4980015980724526e-08,5.551115123125783e-17,2.4980018054066023e-17,0.0,0.0,0.0,0.0,0.0,2.4980016005704543e-08,3.122502000713068e-09,3.053113067363889e-08,3.816391334204861e-09,0.0,0.0,0.0,0.0,2.4980018054066023e-17,3.122502256758253e-18,3.053113317719181e-17,3.816391647148976e-18,0.0,0.0,0.4999999836098339,0.5,0.0,0.0,0.5,0.5,0.0,0.0,0.0,5.551115123125783e-17,0.0,0.0,0.0,0.0,0.0,0.0,0.0,0.0,0.0,5.551115123125783e-17,0.0,0.0,0.0,5.551115123125783e-17
(Explosion=0|Oxigen=1),0.0,0.0,0.0,0.0,0.0,0.0,0.0,0.0,0.0,0.0,0.0,0.0,0.0,0.0,0.0,0.0,0.0,0.0,0.0,0.0,0.0,0.0,0.0,0.0,0.0,0.0,0.0,0.0,0.0,0.0,0.0,0.0,0.0,0.0,0.0,0.0,0.0,0.0,0.0,0.0,0.0,0.0,0.0,0.0,0.0,0.0,0.0,0.0,0.0,0.0,0.0,0.0,0.0,0.0,0.0,0.0,0.0,0.0,0.0,0.0,0.0,0.0,0.0,0.0,0.0,0.0,0.0,0.0,0.0,0.0,0.0,0.0,0.0,0.0,0.0,0.0,0.0,0.0,0.0,0.0,0.0,0.0,0.0,0.0,0.0,0.0,0.0,0.0,0.0,0.0,0.0,0.0,6.10622612862155e-08,0.0,0.0,0.0,4.996003610813204e-17,0.0,0.0,0.0,2.4980015980724516e-08,0.0,0.0,0.0,3.122502000713068e-09,3.053113067363889e-08,3.9031278209478156e-19,3.816391334204861e-09,2.498001805406602e-17,0.0,0.0,0.0,3.1225022567582525e-18,3.053113317719181e-17,3.9031278209478156e-19,3.816391647148976e-18,6.10622612862155e-08,0.0,4.996003610813204e-17,0.0,6.10622612862155e-08,0.0,4.996003610813204e-17,0.0,0.0,0.0,0.0,0.0,0.0,0.0,0.0,0.0,0.0,0.0,0.0,0.0,0.8999999999999999,0.9,2.4980015980724516e-08,1.3877787807814457e-17,2.498001805406602e-17,0.0,0.0,0.0,0.0,0.0,2.4980016005704536e-08,3.122502000713068e-09,3.053113067363889e-08,3.816391334204861e-09,0.0,0.0,0.0,0.0,2.498001805406602e-17,3.1225022567582525e-18,3.053113317719181e-17,3.816391647148976e-18,0.0,0.0,0.4999999694688694,0.5,0.0,0.0,0.5,0.4999999999999998,0.0,0.0,0.0,0.0,0.0,0.0,0.0,0.0,0.0,6.938893903907228e-18,0.0,0.0,0.0,1.3877787807814457e-17,0.0,0.0,0.0,0.0
(Sensor2=1|Oxigen=1),0.0,0.0,0.0,0.0,0.0,0.0,0.0,0.0,0.0,0.0,0.0,0.0,0.0,0.0,0.0,0.0,0.0,0.0,0.0,0.0,0.0,0.0,0.0,0.0,0.0,0.0,0.0,0.0,0.0,0.0,0.0,0.0,0.0,0.0,0.0,0.0,0.0,0.0,0.0,0.0,0.0,0.0,0.0,0.0,0.0,0.0,0.0,0.0,0.0,0.0,0.0,0.0,0.0,0.0,0.0,0.0,0.0,0.0,0.0,0.0,0.0,0.0,0.0,0.0,0.0,0.0,0.0,0.0,0.0,0.0,0.0,0.0,0.0,0.0,0.0,0.0,0.0,0.0,0.0,0.0,0.0,0.0,0.0,0.0,0.0,0.0,0.0,0.0,0.0,0.0,0.0,0.0,1.1102229324766447e-08,0.0,0.0,0.0,1.1102230246251563e-17,0.0,0.0,0.0,5.5511146623832235e-09,0.0,0.0,0.0,2.081667992148706e-09,5.551114634627648e-09,1.7347233293926733e-10,2.081667992148706e-09,5.5511151231257815e-18,0.0,0.0,0.0,6.938893903907227e-19,5.5511151231257815e-18,7.806255641895632e-19,6.938893903907227e-19,1.1102229324766447e-08,0.0,1.1102230246251563e-17,0.0,1.1102229324766447e-08,0.0,1.1102230246251563e-17,0.0,0.0,0.0,0.0,0.0,1.1102230246251565e-16,0.0,0.0,0.0,1.1102230246251565e-16,0.0,0.0,0.0,0.0,0.0,5.5511146623832235e-09,5.551115123125783e-17,5.5511151231257815e-18,0.0,0.0,0.0,0.0,0.0,3.885780259782479e-08,3.469446661907849e-09,5.551114634627648e-09,2.081667992148706e-09,0.0,0.0,0.0,0.0,5.5511151231257815e-18,6.245004513516506e-18,5.5511151231257815e-18,6.938893903907227e-19,0.0,0.0,5.5511146623832235e-09,0.0,0.0,0.0,5.5511151231257815e-18,5.551115123125783e-17,0.0,0.0,0.0,2.220446049250313e-16,0.0,0.0,0.0,0.0,5.551115123125783e-17,0.0,0.0,0.0,0.0,5.551115123125783e-17,0.0,1.0,0.0,1.0
(Sensor2=0|Oxigen=1),0.0,0.0,0.0,0.0,0.0,0.0,0.0,0.0,0.0,0.0,0.0,0.0,0.0,0.0,0.0,0.0,0.0,0.0,0.0,0.0,0.0,0.0,0.0,0.0,0.0,0.0,0.0,0.0,0.0,0.0,0.0,0.0,0.0,0.0,0.0,0.0,0.0,0.0,0.0,0.0,0.0,0.0,0.0,0.0,0.0,0.0,0.0,0.0,0.0,0.0,0.0,0.0,0.0,0.0,0.0,0.0,0.0,0.0,0.0,0.0,0.0,0.0,0.0,0.0,0.0,0.0,0.0,0.0,0.0,0.0,0.0,0.0,0.0,0.0,0.0,0.0,0.0,0.0,0.0,0.0,0.0,0.0,0.0,0.0,0.0,0.0,0.0,0.0,0.0,0.0,0.0,0.0,2.7755573450694012e-09,0.0,0.0,0.0,2.7755575615628907e-18,0.0,0.0,0.0,1.3877786725346998e-09,0.0,0.0,0.0,5.204169989045383e-10,1.3877786586569128e-09,4.336808334323705e-11,5.204169997718999e-10,1.3877787807814454e-18,0.0,0.0,0.0,6.938893903907229e-19,1.3877787807814454e-18,8.673617379884036e-20,6.938893903907229e-19,2.7755573450694012e-09,0.0,2.7755575615628907e-18,0.0,2.7755573450694012e-09,0.0,2.7755575615628907e-18,0.0,1.3877787807814457e-17,0.0,0.0,0.0,2.7755575615628914e-17,0.0,0.0,0.0,2.7755575615628914e-17,0.0,1.3877787807814457e-17,0.0,0.0,0.0,1.3877786725346998e-09,1.3877787807814457e-17,1.3877787807814454e-18,0.0,0.0,0.0,0.0,0.0,2.7755573284160564e-09,5.204170634725574e-19,1.3877786586569128e-09,5.204169997718999e-10,0.0,0.0,0.0,0.0,5.551115123125783e-18,1.7347234759768067e-19,1.3877787807814454e-18,6.938893903907229e-19,0.0,0.0,1.3877786725346998e-09,0.0,0.0,0.0,1.3877787807814454e-18,1.3877787807814457e-17,0.0,0.0,0.0,2.7755575615628914e-17,0.0,0.0,0.0,0.0,1.3877787807814457e-17,6.938893903907228e-18,0.0,0.0,6.938893903907228e-18,1.3877787807814457e-17,0.0,1.0,0.0,1.0000000000000002
(C_Oxigen=1|Oxigen=1),0.0,0.0,0.0,0.0,0.0,0.0,0.0,0.0,0.0,0.0,0.0,0.0,0.0,0.0,0.0,0.0,0.0,0.0,0.0,0.0,0.0,0.0,0.0,0.0,0.0,0.0,0.0,0.0,0.0,0.0,0.0,0.0,0.0,0.0,0.0,0.0,0.0,0.0,0.0,0.0,0.0,0.0,0.0,0.0,0.0,0.0,0.0,0.0,0.0,0.0,0.0,0.0,0.0,0.0,0.0,0.0,0.0,0.0,0.0,0.0,0.0,0.0,0.0,0.0,0.0,0.0,0.0,0.0,0.0,0.0,0.0,0.0,0.0,0.0,0.0,0.0,0.0,0.0,0.0,0.0,0.0,0.0,0.0,0.0,0.0,0.0,0.0,0.0,0.0,0.0,0.0,0.0,0.0,0.0,0.0,0.0,0.0,0.0,0.0,0.0,0.0,0.0,0.0,0.0,0.0,0.0,0.0,0.0,0.0,0.0,0.0,0.0,0.0,0.0,0.0,0.0,0.0,0.0,0.0,0.0,0.0,0.0,0.0,0.0,0.0,0.0,0.0,0.0,0.0,0.0,0.0,0.0,0.0,0.0,0.0,0.0,0.0,0.0,0.0,0.0,0.0,0.0,0.0,0.0,0.0,0.0,0.49499995904351984,0.054999995449279984,0.40499996649015263,0.04499999627668362,0.0,0.0,0.0,0.0,0.49500000000000005,0.05500000000000001,0.405,0.045000000000000005,0.0,0.0,0.0,0.0,0.0,0.0,0.0,0.0,0.0,0.0,0.0,0.0,0.0,0.0,0.0,0.0,0.0,0.0,0.0,0.0,0.0,0.0,0.0,0.0,0.0,0.0
(C_Oxigen=0|Oxigen=1),0.0,0.0,0.0,0.0,0.0,0.0,0.0,0.0,0.0,0.0,0.0,0.0,0.0,0.0,0.0,0.0,0.0,0.0,0.0,0.0,0.0,0.0,0.0,0.0,0.0,0.0,0.0,0.0,0.0,0.0,0.0,0.0,0.0,0.0,0.0,0.0,0.0,0.0,0.0,0.0,0.0,0.0,0.0,0.0,0.0,0.0,0.0,0.0,0.0,0.0,0.0,0.0,0.0,0.0,0.0,0.0,0.0,0.0,0.0,0.0,0.0,0.0,0.0,0.0,0.0,0.0,0.0,0.0,0.0,0.0,0.0,0.0,0.0,0.0,0.0,0.0,0.0,0.0,0.0,0.0,0.0,0.0,0.0,0.0,0.0,0.0,0.0,0.0,0.0,0.0,0.0,0.0,0.0,0.0,0.0,0.0,0.0,0.0,0.0,0.0,0.0,0.0,0.0,0.0,0.0,0.0,0.0,0.0,0.0,0.0,0.0,0.0,0.0,0.0,0.0,0.0,0.0,0.0,0.0,0.0,0.0,0.0,0.0,0.0,0.0,0.0,0.0,0.0,0.0,0.0,0.0,0.0,0.0,0.0,0.0,0.0,0.0,0.0,0.0,0.0,0.0,0.0,0.0,0.0,0.0,0.0,0.4949999444888534,0.054999993061106665,0.40499994448885335,0.04499999306110667,0.0,0.0,0.0,0.0,0.49500000000000005,0.05500000000000001,0.405,0.045000000000000005,0.0,0.0,0.0,0.0,0.0,0.0,0.0,0.0,0.0,0.0,0.0,0.0,0.0,0.0,0.0,0.0,0.0,0.0,0.0,0.0,0.0,0.0,0.0,0.0,0.0,0.0
(C_Hydrogen=1|Oxigen=1),0.0,0.0,0.0,0.0,0.0,0.0,0.0,0.0,0.0,0.0,0.0,0.0,0.0,0.0,0.0,0.0,0.0,0.0,0.0,0.0,0.0,0.0,0.0,0.0,0.0,0.0,0.0,0.0,0.0,0.0,0.0,0.0,0.0,0.0,0.0,0.0,0.0,0.0,0.0,0.0,0.0,0.0,0.0,0.0,0.0,0.0,0.0,0.0,0.0,0.0,0.0,0.0,0.0,0.0,0.0,0.0,0.0,0.0,0.0,0.0,0.0,0.0,0.0,0.0,0.0,0.0,0.0,0.0,0.0,0.0,0.0,0.0,0.0,0.0,0.0,0.0,0.0,0.0,0.0,0.0,0.0,0.0,0.0,0.0,0.0,0.0,0.0,0.0,0.0,0.0,0.0,0.0,0.0,0.0,0.0,0.0,0.0,0.0,0.0,0.0,0.49999995862981794,0.0,0.0,0.0,0.04499999627668362,0.40499996649015263,0.004999999586298181,0.04499999627668362,0.5,0.0,0.0,0.0,0.045000000000000005,0.405,0.005000000000000001,0.045000000000000005,0.0,0.0,0.0,0.0,0.0,0.0,0.0,0.0,0.0,0.0,0.0,0.0,0.0,0.0,0.0,0.0,0.0,0.0,0.0,0.0,0.0,0.0,0.0,0.0,0.0,0.0,0.0,0.0,0.0,0.0,0.0,0.0,0.0,0.0,0.0,0.0,0.0,0.0,0.0,0.0,0.0,0.0,0.0,0.0,0.49999995862981794,0.0,0.0,0.0,0.5,0.0,0.0,0.0,0.0,0.0,0.0,0.0,0.0,0.0,0.0,0.0,0.0,0.0,0.0,0.0,0.0,0.0,0.0,0.0
(C_Hydrogen=0|Oxigen=1),0.0,0.0,0.0,0.0,0.0,0.0,0.0,0.0,0.0,0.0,0.0,0.0,0.0,0.0,0.0,0.0,0.0,0.0,0.0,0.0,0.0,0.0,0.0,0.0,0.0,0.0,0.0,0.0,0.0,0.0,0.0,0.0,0.0,0.0,0.0,0.0,0.0,0.0,0.0,0.0,0.0,0.0,0.0,0.0,0.0,0.0,0.0,0.0,0.0,0.0,0.0,0.0,0.0,0.0,0.0,0.0,0.0,0.0,0.0,0.0,0.0,0.0,0.0,0.0,0.0,0.0,0.0,0.0,0.0,0.0,0.0,0.0,0.0,0.0,0.0,0.0,0.0,0.0,0.0,0.0,0.0,0.0,0.0,0.0,0.0,0.0,0.0,0.0,0.0,0.0,0.0,0.0,0.0,0.0,0.0,0.0,0.0,0.0,0.0,0.0,0.4999999444888534,0.0,0.0,0.0,0.04499999306110667,0.40499994448885335,0.005,0.04499999306110667,0.5,0.0,0.0,0.0,0.045000000000000005,0.405,0.005000000000000001,0.045000000000000005,0.0,0.0,0.0,0.0,0.0,0.0,0.0,0.0,0.0,0.0,0.0,0.0,0.0,0.0,0.0,0.0,0.0,0.0,0.0,0.0,0.0,0.0,0.0,0.0,0.0,0.0,0.0,0.0,0.0,0.0,0.0,0.0,0.0,0.0,0.0,0.0,0.0,0.0,0.0,0.0,0.0,0.0,0.0,0.0,0.4999999444888534,0.0,0.0,0.0,0.5,0.0,0.0,0.0,0.0,0.0,0.0,0.0,0.0,0.0,0.0,0.0,0.0,0.0,0.0,0.0,0.0,0.0,0.0,0.0
(C_ReacO=1|Oxigen=1),0.0,0.0,0.0,0.0,0.0,0.0,0.0,0.0,0.0,0.0,0.0,0.0,0.0,0.0,0.0,0.0,0.0,0.0,0.0,0.0,0.0,0.0,0.0,0.0,0.0,0.0,0.0,0.0,0.0,0.0,0.0,0.0,0.0,0.0,0.0,0.0,0.0,0.0,0.0,0.0,0.0,0.0,0.0,0.0,0.0,0.0,0.0,0.0,0.0,0.0,0.0,0.0,0.0,0.0,0.0,0.0,0.0,0.0,0.0,0.0,0.0,0.0,0.0,0.0,0.0,0.0,0.0,0.0,0.0,0.0,0.0,0.0,0.0,0.0,0.0,0.0,0.0,0.0,0.0,0.0,0.0,0.0,0.0,0.0,0.0,0.0,0.0,0.0,0.0,0.0,0.0,0.0,0.0,0.0,0.0,0.0,0.0,0.0,0.0,0.0,0.0,0.0,0.0,0.0,0.0,0.0,0.0,0.0,0.0,0.0,0.0,0.0,0.0,0.0,0.0,0.0,0.0,0.0,0.0,0.0,0.9999999172596359,0.0,1.0,0.0,0.0,0.0,0.0,0.0,0.0,0.0,0.0,0.0,0.0,0.0,0.0,0.0,0.0,0.0,0.0,0.0,0.0,0.0,0.0,0.0,0.0,0.0,0.04949999590435199,0.005499999544927999,0.04049999664901526,0.004499999627668362,0.0,0.0,0.0,0.0,0.04950000000000001,0.005500000000000001,0.04050000000000001,0.0045000000000000005,0.0,0.0,0.0,0.0,0.0,0.0,0.0,0.0,0.0,0.0,0.0,0.0,0.0,0.0,0.0,0.0,0.0,0.0,0.0,0.0,0.0,0.0,0.0,0.0,0.0,0.0
(C_ReacO=0|Oxigen=1),0.0,0.0,0.0,0.0,0.0,0.0,0.0,0.0,0.0,0.0,0.0,0.0,0.0,0.0,0.0,0.0,0.0,0.0,0.0,0.0,0.0,0.0,0.0,0.0,0.0,0.0,0.0,0.0,0.0,0.0,0.0,0.0,0.0,0.0,0.0,0.0,0.0,0.0,0.0,0.0,0.0,0.0,0.0,0.0,0.0,0.0,0.0,0.0,0.0,0.0,0.0,0.0,0.0,0.0,0.0,0.0,0.0,0.0,0.0,0.0,0.0,0.0,0.0,0.0,0.0,0.0,0.0,0.0,0.0,0.0,0.0,0.0,0.0,0.0,0.0,0.0,0.0,0.0,0.0,0.0,0.0,0.0,0.0,0.0,0.0,0.0,0.0,0.0,0.0,0.0,0.0,0.0,0.0,0.0,0.0,0.0,0.0,0.0,0.0,0.0,0.0,0.0,0.0,0.0,0.0,0.0,0.0,0.0,0.0,0.0,0.0,0.0,0.0,0.0,0.0,0.0,0.0,0.0,0.0,0.0,0.9999998889777068,0.0,1.0,0.0,0.0,0.0,0.0,0.0,0.0,0.0,0.0,0.0,0.0,0.0,0.0,0.0,0.0,0.0,0.0,0.0,0.0,0.0,0.0,0.0,0.0,0.0,0.04949995559108272,0.0054999958366640025,0.04049998889777068,0.004499997224442671,0.0,0.0,0.0,0.0,0.04949999999999999,0.005499999999999998,0.04049999999999998,0.004499999999999997,0.0,0.0,0.0,0.0,0.0,0.0,0.0,0.0,0.0,0.0,0.0,0.0,0.0,0.0,0.0,0.0,0.0,0.0,0.0,0.0,0.0,0.0,0.0,0.0,0.0,0.0
(C_ReacH=1|Oxigen=1),0.0,0.0,0.0,0.0,0.0,0.0,0.0,0.0,0.0,0.0,0.0,0.0,0.0,0.0,0.0,0.0,0.0,0.0,0.0,0.0,0.0,0.0,0.0,0.0,0.0,0.0,0.0,0.0,0.0,0.0,0.0,0.0,0.0,0.0,0.0,0.0,0.0,0.0,0.0,0.0,0.0,0.0,0.0,0.0,0.0,0.0,0.0,0.0,0.0,0.0,0.0,0.0,0.0,0.0,0.0,0.0,0.0,0.0,0.0,0.0,0.0,0.0,0.0,0.0,0.0,0.0,0.0,0.0,0.0,0.0,0.0,0.0,0.0,0.0,0.0,0.0,0.0,0.0,0.0,0.0,0.0,0.0,0.0,0.0,0.0,0.0,0.0,0.0,0.0,0.0,0.0,0.0,0.0,0.0,0.0,0.0,0.0,0.0,0.0,0.0,0.0499999958629818,0.0,0.0,0.0,0.004499999627668363,0.04049999664901526,0.0004999999586298181,0.004499999627668362,0.05,0.0,0.0,0.0,0.004500000000000001,0.04050000000000001,0.0005000000000000001,0.0045000000000000005,0.9999999172596359,0.0,1.0,0.0,0.0,0.0,0.0,0.0,0.0,0.0,0.0,0.0,0.0,0.0,0.0,0.0,0.0,0.0,0.0,0.0,0.0,0.0,0.0,0.0,0.0,0.0,0.0,0.0,0.0,0.0,0.0,0.0,0.0,0.0,0.0,0.0,0.0,0.0,0.0,0.0,0.0,0.0,0.0,0.0,0.0499999958629818,0.0,0.0,0.0,0.05,0.0,0.0,0.0,0.0,0.0,0.0,0.0,0.0,0.0,0.0,0.0,0.0,0.0,0.0,0.0,0.0,0.0,0.0,0.0
(C_ReacH=0|Oxigen=1),0.0,0.0,0.0,0.0,0.0,0.0,0.0,0.0,0.0,0.0,0.0,0.0,0.0,0.0,0.0,0.0,0.0,0.0,0.0,0.0,0.0,0.0,0.0,0.0,0.0,0.0,0.0,0.0,0.0,0.0,0.0,0.0,0.0,0.0,0.0,0.0,0.0,0.0,0.0,0.0,0.0,0.0,0.0,0.0,0.0,0.0,0.0,0.0,0.0,0.0,0.0,0.0,0.0,0.0,0.0,0.0,0.0,0.0,0.0,0.0,0.0,0.0,0.0,0.0,0.0,0.0,0.0,0.0,0.0,0.0,0.0,0.0,0.0,0.0,0.0,0.0,0.0,0.0,0.0,0.0,0.0,0.0,0.0,0.0,0.0,0.0,0.0,0.0,0.0,0.0,0.0,0.0,0.0,0.0,0.0,0.0,0.0,0.0,0.0,0.0,0.04999999999999999,0.0,0.0,0.0,0.004499997224442671,0.04049998889777068,0.0005000001734723333,0.004499997224442671,0.04999999999999999,0.0,0.0,0.0,0.004499999999999997,0.04049999999999998,0.0005000000000000004,0.004499999999999997,0.9999998889777068,0.0,1.0,0.0,0.0,0.0,0.0,0.0,0.0,0.0,0.0,0.0,0.0,0.0,0.0,0.0,0.0,0.0,0.0,0.0,0.0,0.0,0.0,0.0,0.0,0.0,0.0,0.0,0.0,0.0,0.0,0.0,0.0,0.0,0.0,0.0,0.0,0.0,0.0,0.0,0.0,0.0,0.0,0.0,0.04999999999999999,0.0,0.0,0.0,0.04999999999999999,0.0,0.0,0.0,0.0,0.0,0.0,0.0,0.0,0.0,0.0,0.0,0.0,0.0,0.0,0.0,0.0,0.0,0.0,0.0
(C_Sensor1=1|Oxigen=1),0.0,0.0,0.0,0.0,0.0,0.0,0.0,0.0,0.0,0.0,0.0,0.0,0.0,0.0,0.0,0.0,0.0,0.0,0.0,0.0,0.0,0.0,0.0,0.0,0.0,0.0,0.0,0.0,0.0,0.0,0.0,0.0,0.0,0.0,0.0,0.0,0.0,0.0,0.0,0.0,0.0,0.0,0.0,0.0,0.0,0.0,0.0,0.0,0.0,0.0,0.0,0.0,0.0,0.0,0.0,0.0,0.0,0.0,0.0,0.0,0.0,0.0,0.0,0.0,0.0,0.0,0.0,0.0,0.0,0.0,0.0,0.0,0.0,0.0,0.0,0.0,0.0,0.0,0.0,0.0,0.0,0.0,0.0,0.0,0.0,0.0,0.0,0.0,0.0,0.0,0.0,0.0,1.1102229324766447e-08,0.0,0.0,0.0,1.1102230246251563e-17,0.0,0.0,0.0,0.3999999500399681,0.0,0.0,0.0,0.035999996530553344,0.32399996114219737,0.003999999826527666,0.035999996530553344,0.4,0.0,0.0,0.0,0.036000000000000004,0.324,0.004000000000000001,0.03600000000000001,1.1102229324766447e-08,0.0,1.1102230246251563e-17,0.0,1.1102229324766447e-08,0.0,1.1102230246251563e-17,0.0,1.0,0.0,0.0,0.0,1.0,0.0,0.0,0.0,1.1102230246251565e-16,0.0,0.0,0.0,0.0,0.0,5.5511146623832235e-09,5.551115123125783e-17,5.5511151231257815e-18,0.0,0.0,0.0,0.0,0.0,0.39599993893773866,0.043999990979438665,0.32399996114219737,0.035999996530553344,0.0,0.0,0.0,0.0,0.396,0.044000000000000004,0.324,0.03600000000000001,0.0,0.0,0.3999999500399681,0.0,0.0,0.0,0.4,5.551115123125783e-17,0.0,0.0,0.0,1.1102230246251565e-16,0.0,0.0,0.0,0.0,5.551115123125783e-17,0.0,0.0,0.0,0.0,5.551115123125783e-17,0.0,0.0,0.0,1.1102230246251565e-16
(C_Sensor1=0|Oxigen=1),0.0,0.0,0.0,0.0,0.0,0.0,0.0,0.0,0.0,0.0,0.0,0.0,0.0,0.0,0.0,0.0,0.0,0.0,0.0,0.0,0.0,0.0,0.0,0.0,0.0,0.0,0.0,0.0,0.0,0.0,0.0,0.0,0.0,0.0,0.0,0.0,0.0,0.0,0.0,0.0,0.0,0.0,0.0,0.0,0.0,0.0,0.0,0.0,0.0,0.0,0.0,0.0,0.0,0.0,0.0,0.0,0.0,0.0,0.0,0.0,0.0,0.0,0.0,0.0,0.0,0.0,0.0,0.0,0.0,0.0,0.0,0.0,0.0,0.0,0.0,0.0,0.0,0.0,0.0,0.0,0.0,0.0,0.0,0.0,0.0,0.0,0.0,0.0,0.0,0.0,0.0,0.0,2.7755573450694012e-09,0.0,0.0,0.0,2.7755575615628907e-18,0.0,0.0,0.0,0.399999970856648,0.0,0.0,0.0,0.035999997397915,0.323999975019984,0.00399999960968725,0.035999997397915,0.4,0.0,0.0,0.0,0.036000000000000004,0.32400000000000007,0.004,0.036000000000000004,2.7755573450694012e-09,0.0,2.7755575615628907e-18,0.0,2.7755573450694012e-09,0.0,2.7755575615628907e-18,0.0,1.0,0.0,0.0,0.0,1.0000000000000002,0.0,0.0,0.0,2.7755575615628914e-17,0.0,1.3877787807814457e-17,0.0,0.0,0.0,1.3877786725346998e-09,1.3877787807814457e-17,1.3877787807814454e-18,0.0,0.0,0.0,0.0,0.0,0.39599996669331206,0.04399999618360867,0.323999975019984,0.035999997397915,0.0,0.0,0.0,0.0,0.396,0.044000000000000004,0.32400000000000007,0.036000000000000004,0.0,0.0,0.399999970856648,0.0,0.0,0.0,0.4,1.3877787807814457e-17,0.0,0.0,0.0,2.7755575615628914e-17,0.0,0.0,0.0,0.0,1.3877787807814457e-17,6.938893903907228e-18,0.0,0.0,6.938893903907228e-18,1.3877787807814457e-17,0.0,1.3877787807814457e-17,0.0,2.7755575615628914e-17
(C_Sensor2=1|Oxigen=1),0.0,0.0,0.0,0.0,0.0,0.0,0.0,0.0,0.0,0.0,0.0,0.0,0.0,0.0,0.0,0.0,0.0,0.0,0.0,0.0,0.0,0.0,0.0,0.0,0.0,0.0,0.0,0.0,0.0,0.0,0.0,0.0,0.0,0.0,0.0,0.0,0.0,0.0,0.0,0.0,0.0,0.0,0.0,0.0,0.0,0.0,0.0,0.0,0.0,0.0,0.0,0.0,0.0,0.0,0.0,0.0,0.0,0.0,0.0,0.0,0.0,0.0,0.0,0.0,0.0,0.0,0.0,0.0,0.0,0.0,0.0,0.0,0.0,0.0,0.0,0.0,0.0,0.0,0.0,0.0,0.0,0.0,0.0,0.0,0.0,0.0,0.0,0.0,0.0,0.0,0.0,0.0,2.7755573450694012e-09,0.0,0.0,0.0,2.7755575615628907e-18,0.0,0.0,0.0,1.3877786725346998e-09,0.0,0.0,0.0,5.204169989045383e-10,1.3877786586569128e-09,4.336808334323705e-11,5.204169997718999e-10,1.3877787807814454e-18,0.0,0.0,0.0,6.938893903907229e-19,1.3877787807814454e-18,8.673617379884036e-20,6.938893903907229e-19,2.7755573450694012e-09,0.0,2.7755575615628907e-18,0.0,2.7755573450694012e-09,0.0,2.7755575615628907e-18,0.0,1.3877787807814457e-17,0.0,0.0,0.0,2.7755575615628914e-17,0.0,0.0,0.0,1.0000000000000002,0.0,1.0,0.0,0.0,0.0,1.3877786725346998e-09,1.3877787807814457e-17,1.3877787807814454e-18,0.0,0.0,0.0,0.0,0.0,0.39599996669331206,0.04399999618360867,0.323999975019984,0.035999997397915,0.0,0.0,0.0,0.0,0.3960000000000001,0.04400000000000001,0.32400000000000007,0.036000000000000004,0.0,0.0,1.3877786725346998e-09,0.0,0.0,0.0,1.3877787807814454e-18,1.3877787807814457e-17,0.0,0.0,0.0,2.7755575615628914e-17,0.0,0.0,0.0,0.0,1.3877787807814457e-17,6.938893903907228e-18,0.0,0.0,6.938893903907228e-18,1.3877787807814457e-17,0.0,1.3877787807814457e-17,0.0,2.7755575615628914e-17
(C_Sensor2=0|Oxigen=1),0.0,0.0,0.0,0.0,0.0,0.0,0.0,0.0,0.0,0.0,0.0,0.0,0.0,0.0,0.0,0.0,0.0,0.0,0.0,0.0,0.0,0.0,0.0,0.0,0.0,0.0,0.0,0.0,0.0,0.0,0.0,0.0,0.0,0.0,0.0,0.0,0.0,0.0,0.0,0.0,0.0,0.0,0.0,0.0,0.0,0.0,0.0,0.0,0.0,0.0,0.0,0.0,0.0,0.0,0.0,0.0,0.0,0.0,0.0,0.0,0.0,0.0,0.0,0.0,0.0,0.0,0.0,0.0,0.0,0.0,0.0,0.0,0.0,0.0,0.0,0.0,0.0,0.0,0.0,0.0,0.0,0.0,0.0,0.0,0.0,0.0,0.0,0.0,0.0,0.0,0.0,0.0,1.1102229324766447e-08,0.0,0.0,0.0,1.1102230246251563e-17,0.0,0.0,0.0,5.5511146623832235e-09,0.0,0.0,0.0,2.081667992148706e-09,5.551114634627648e-09,1.7347233293926733e-10,2.081667992148706e-09,5.5511151231257815e-18,0.0,0.0,0.0,6.938893903907227e-19,5.5511151231257815e-18,7.806255641895632e-19,6.938893903907227e-19,1.1102229324766447e-08,0.0,1.1102230246251563e-17,0.0,1.1102229324766447e-08,0.0,1.1102230246251563e-17,0.0,0.0,0.0,0.0,0.0,1.1102230246251565e-16,0.0,0.0,0.0,1.0,0.0,1.0,0.0,0.0,0.0,5.5511146623832235e-09,5.551115123125783e-17,5.5511151231257815e-18,0.0,0.0,0.0,0.0,0.0,0.3959999389377387,0.04399999097943867,0.32399996114219737,0.035999996530553344,0.0,0.0,0.0,0.0,0.3960000000000001,0.04400000000000002,0.324,0.03600000000000001,0.0,0.0,5.5511146623832235e-09,0.0,0.0,0.0,5.5511151231257815e-18,5.551115123125783e-17,0.0,0.0,0.0,2.220446049250313e-16,0.0,0.0,0.0,0.0,5.551115123125783e-17,0.0,0.0,0.0,0.0,5.551115123125783e-17,0.0,0.0,0.0,1.1102230246251565e-16
(C_Explosion=1|Oxigen=1),0.0,0.0,0.0,0.0,0.0,0.0,0.0,0.0,0.0,0.0,0.0,0.0,0.0,0.0,0.0,0.0,0.0,0.0,0.0,0.0,0.0,0.0,0.0,0.0,0.0,0.0,0.0,0.0,0.0,0.0,0.0,0.0,0.0,0.0,0.0,0.0,0.0,0.0,0.0,0.0,0.0,0.0,0.0,0.0,0.0,0.0,0.0,0.0,0.0,0.0,0.0,0.0,0.0,0.0,0.0,0.0,0.0,0.0,0.0,0.0,0.0,0.0,0.0,0.0,0.0,0.0,0.0,0.0,0.0,0.0,0.0,0.0,0.0,0.0,0.0,0.0,0.0,0.0,0.0,0.0,0.0,0.0,0.0,0.0,0.0,0.0,0.0,0.0,0.0,0.0,0.0,0.0,0.9999999172596359,0.0,0.0,0.0,1.0,0.0,0.0,0.0,0.0,0.0,0.0,0.0,0.0,0.0,0.0,0.0,0.0,0.0,0.0,0.0,0.0,0.0,0.0,0.0,0.0,0.0,0.0,0.0,0.0,0.0,0.0,0.0,0.0,0.0,0.0,0.0,0.0,0.0,0.0,0.0,0.0,0.0,0.0,0.0,0.0,0.0,0.0,0.0,0.0,0.0,0.0,0.0,0.0,0.0,0.0,0.0,0.0,0.0,0.0,0.0,0.0,0.0,0.0,0.0,0.0,0.0,0.0,0.0,0.0,0.0,0.0,0.0,0.0,0.0,0.0,0.0,0.0,0.0,0.0,0.0,0.0,0.0,0.0,0.0,0.0,0.0,0.0,0.0,0.0,0.0,0.0,0.0
(C_Explosion=0|Oxigen=1),0.0,0.0,0.0,0.0,0.0,0.0,0.0,0.0,0.0,0.0,0.0,0.0,0.0,0.0,0.0,0.0,0.0,0.0,0.0,0.0,0.0,0.0,0.0,0.0,0.0,0.0,0.0,0.0,0.0,0.0,0.0,0.0,0.0,0.0,0.0,0.0,0.0,0.0,0.0,0.0,0.0,0.0,0.0,0.0,0.0,0.0,0.0,0.0,0.0,0.0,0.0,0.0,0.0,0.0,0.0,0.0,0.0,0.0,0.0,0.0,0.0,0.0,0.0,0.0,0.0,0.0,0.0,0.0,0.0,0.0,0.0,0.0,0.0,0.0,0.0,0.0,0.0,0.0,0.0,0.0,0.0,0.0,0.0,0.0,0.0,0.0,0.0,0.0,0.0,0.0,0.0,0.0,0.9999998889777068,0.0,0.0,0.0,1.0,0.0,0.0,0.0,0.0,0.0,0.0,0.0,0.0,0.0,0.0,0.0,0.0,0.0,0.0,0.0,0.0,0.0,0.0,0.0,0.0,0.0,0.0,0.0,0.0,0.0,0.0,0.0,0.0,0.0,0.0,0.0,0.0,0.0,0.0,0.0,0.0,0.0,0.0,0.0,0.0,0.0,0.0,0.0,0.0,0.0,0.0,0.0,0.0,0.0,0.0,0.0,0.0,0.0,0.0,0.0,0.0,0.0,0.0,0.0,0.0,0.0,0.0,0.0,0.0,0.0,0.0,0.0,0.0,0.0,0.0,0.0,0.0,0.0,0.0,0.0,0.0,0.0,0.0,0.0,0.0,0.0,0.0,0.0,0.0,0.0,0.0,0.0
